timestamp,temperature,humidity,pressure,light
0.0,24.07,44.77,1012.35,321.2
1.0,24.1,43.84,1012.53,317.3
2.0,23.88,45.79,1012.37,322.5
3.0,23.99,45.77,1012.33,319.8
4.0,24.09,44.08,1012.33,318.6
5.0,24.06,44.54,1012.44,318.9
6.0,23.95,45.37,1012.62,317.9
7.0,23.98,44.54,1012.39,318.7
8.0,24.01,45.64,1012.37,325.0
9.0,23.98,44.78,1012.34,320.1
10.0,23.99,45.36,1012.44,319.8
11.0,24.17,43.66,1012.31,314.9
12.0,23.99,45.09,1012.32,317.5
13.0,23.92,44.6,1012.58,319.9
14.0,24.04,44.93,1012.25,321.8
15.0,23.94,44.98,1012.14,327.7
16.0,24.02,45.48,1012.47,313.4
17.0,24.01,45.15,1012.23,323.5
18.0,24.02,44.83,1012.3,319.9
19.0,23.9,45.59,1012.21,321.0
20.0,23.87,46.13,1012.47,317.6
21.0,24.09,44.44,1012.44,320.8
22.0,23.84,45.19,1012.34,320.5
23.0,23.94,45.26,1012.14,319.4
24.0,24.12,44.8,1012.56,320.1
25.0,24.02,45.03,1012.44,323.9
26.0,24.11,44.64,1012.23,321.0
27.0,23.98,44.85,1012.37,320.1
28.0,23.83,46.03,1012.68,322.7
29.0,23.96,45.66,1012.4,317.9
30.0,23.91,45.83,1012.34,316.1
31.0,23.98,45.11,1012.07,320.3
32.0,24.04,45.41,1012.45,322.4
33.0,23.99,45.46,1012.54,319.5
34.0,24.07,45.3,1012.1,316.3
35.0,24.02,44.88,1012.55,321.6
36.0,23.98,45.26,1012.39,317.9
37.0,24.1,45.21,1012.34,318.6
38.0,24.11,45.0,1012.46,320.5
39.0,24.11,44.73,1012.25,325.4
40.0,24.04,45.0,1012.37,324.2
41.0,24.03,44.82,1012.48,321.1
42.0,24.06,44.58,1012.41,323.0
43.0,24.08,44.63,1012.29,319.6
44.0,24.02,44.95,1012.4,314.4
45.0,23.98,44.71,1012.22,318.9
46.0,24.26,43.77,1012.34,324.0
47.0,23.97,45.51,1012.36,316.3
48.0,23.97,44.42,1012.38,319.2
49.0,23.88,45.17,1012.23,317.5
50.0,24.02,45.29,1012.45,313.5
51.0,23.96,45.18,1012.42,325.5
52.0,23.87,45.8,1012.26,318.4
53.0,24.0,45.35,1012.41,314.5
54.0,24.14,44.79,1012.54,321.4
55.0,24.07,45.06,1012.35,317.8
56.0,23.95,45.2,1012.39,316.9
57.0,23.94,45.2,1012.32,318.1
58.0,24.06,44.51,1012.52,316.3
59.0,24.03,45.31,1012.35,320.4
60.0,24.11,44.51,1012.48,320.1
61.0,23.93,45.45,1012.59,318.3
62.0,24.05,45.1,1012.54,316.5
63.0,23.87,44.83,1012.13,317.8
64.0,23.96,45.34,1012.62,312.1
65.0,24.0,45.08,1012.4,320.5
66.0,24.13,44.03,1012.43,320.5
67.0,23.88,45.76,1012.49,326.5
68.0,23.95,45.15,1012.51,318.4
69.0,24.02,44.71,1012.71,319.0
70.0,23.93,45.07,1012.44,326.4
71.0,24.04,44.53,1012.52,322.0
72.0,23.91,45.34,1012.55,321.8
73.0,24.0,44.61,1012.61,321.0
74.0,24.04,45.24,1012.38,328.9
75.0,23.97,45.17,1012.32,321.2
76.0,24.03,44.74,1012.25,317.3
77.0,23.97,45.09,1012.58,324.2
78.0,24.01,45.12,1012.37,319.6
79.0,24.1,44.64,1012.68,319.8
80.0,23.98,45.32,1012.32,318.9
81.0,23.91,46.11,1012.35,318.8
82.0,23.87,46.14,1012.35,320.5
83.0,23.95,45.25,1012.24,322.7
84.0,24.0,44.72,1012.51,321.6
85.0,24.04,45.49,1011.91,319.5
86.0,23.96,44.84,1012.52,318.8
87.0,24.07,44.2,1012.52,322.0
88.0,23.95,44.97,1012.57,319.5
89.0,23.97,45.54,1012.05,320.3
90.0,24.17,44.02,1012.45,320.0
91.0,24.01,44.68,1012.43,318.3
92.0,24.08,44.35,1012.48,318.8
93.0,24.12,44.22,1012.33,324.8
94.0,23.89,45.45,1012.26,316.8
95.0,23.96,45.27,1012.55,319.1
96.0,24.16,44.3,1012.13,323.1
97.0,24.01,45.33,1012.31,317.9
98.0,24.07,44.71,1012.28,319.1
99.0,24.03,45.04,1012.58,321.8
100.0,23.96,45.58,1012.51,318.5
101.0,23.92,45.16,1012.31,320.7
102.0,24.05,44.67,1012.33,321.5
103.0,23.98,44.04,1012.51,318.9
104.0,23.91,45.12,1012.48,324.0
105.0,23.96,45.41,1012.45,318.7
106.0,24.0,45.19,1012.16,321.6
107.0,23.94,44.68,1012.33,322.5
108.0,24.06,44.3,1012.11,321.2
109.0,24.13,44.25,1012.62,314.6
110.0,24.0,45.43,1012.37,315.0
111.0,23.9,45.11,1012.54,316.4
112.0,24.01,44.59,1012.39,320.0
113.0,23.88,45.52,1012.11,323.3
114.0,24.04,44.59,1012.3,319.9
115.0,24.04,45.14,1012.35,317.0
116.0,24.05,44.75,1012.59,323.7
117.0,24.08,44.64,1012.31,320.4
118.0,24.09,44.67,1012.42,322.8
119.0,24.01,45.11,1011.97,318.7
120.0,23.94,45.51,1012.43,326.5
121.0,24.07,45.31,1012.48,316.5
122.0,24.15,43.71,1012.65,314.7
123.0,24.0,44.9,1012.47,323.7
124.0,23.92,45.48,1012.2,321.0
125.0,23.93,45.74,1012.23,324.4
126.0,23.96,44.97,1012.55,320.5
127.0,23.85,45.76,1012.46,319.7
128.0,24.13,45.29,1012.6,322.7
129.0,24.07,44.97,1012.29,325.8
130.0,23.94,44.97,1012.29,314.1
131.0,24.03,45.07,1012.23,321.2
132.0,23.92,45.01,1012.46,315.2
133.0,23.97,44.77,1012.62,317.2
134.0,24.07,44.91,1012.42,321.0
135.0,24.01,44.38,1012.56,318.5
136.0,24.06,44.86,1012.48,320.0
137.0,23.95,44.84,1012.56,318.3
138.0,24.04,45.13,1012.31,321.2
139.0,24.01,45.42,1012.42,321.6
140.0,24.05,44.6,1012.54,321.0
141.0,24.06,44.63,1012.62,319.0
142.0,24.07,45.07,1012.42,318.4
143.0,23.98,44.83,1012.72,316.2
144.0,23.99,44.68,1012.37,322.2
145.0,23.98,44.75,1012.53,317.2
146.0,23.92,45.82,1012.28,320.3
147.0,23.89,45.15,1012.43,325.0
148.0,24.2,44.21,1012.26,318.4
149.0,24.16,44.45,1012.47,321.6
150.0,24.0,44.58,1012.32,318.3
151.0,23.85,44.85,1012.36,321.5
152.0,24.0,45.24,1012.41,321.7
153.0,23.94,45.28,1012.57,318.4
154.0,24.05,45.0,1012.08,319.8
155.0,23.81,45.28,1012.58,325.0
156.0,23.97,44.7,1012.44,319.2
157.0,23.97,44.54,1012.67,325.7
158.0,23.97,45.34,1012.17,316.7
159.0,23.89,44.95,1012.22,319.3
160.0,24.15,44.23,1012.33,321.5
161.0,23.9,45.0,1012.39,317.2
162.0,23.99,45.19,1012.35,320.4
163.0,23.93,44.98,1012.26,321.8
164.0,23.97,45.57,1012.59,321.4
165.0,24.04,44.31,1012.47,322.8
166.0,24.01,45.1,1012.24,320.8
167.0,23.98,44.81,1012.34,318.7
168.0,23.97,45.28,1012.36,316.5
169.0,24.01,45.13,1012.24,319.1
170.0,24.1,44.52,1012.38,321.4
171.0,24.1,43.9,1012.61,313.3
172.0,24.14,44.94,1012.43,321.3
173.0,23.96,45.08,1012.32,324.4
174.0,23.99,44.8,1012.28,319.1
175.0,24.12,44.61,1012.54,319.5
176.0,23.77,46.44,1012.25,316.2
177.0,24.06,44.8,1012.23,320.2
178.0,23.89,45.86,1012.65,319.5
179.0,23.96,45.17,1012.61,321.9
180.0,24.03,44.71,1012.45,321.8
181.0,23.97,45.43,1012.75,324.1
182.0,24.0,45.12,1012.44,319.8
183.0,23.89,45.49,1012.35,319.9
184.0,24.08,44.77,1012.51,322.0
185.0,23.96,44.69,1012.22,319.2
186.0,24.11,44.37,1012.4,321.2
187.0,23.88,45.71,1012.53,316.0
188.0,24.05,44.92,1012.24,318.1
189.0,24.07,44.75,1012.24,318.3
190.0,24.1,44.23,1012.21,320.3
191.0,24.1,45.09,1012.53,319.0
192.0,23.97,44.79,1012.36,324.7
193.0,24.07,44.64,1012.36,318.6
194.0,24.05,44.98,1012.02,322.1
195.0,23.93,44.98,1012.4,321.1
196.0,24.04,44.74,1012.32,323.8
197.0,23.96,45.88,1012.56,325.8
198.0,24.08,44.49,1012.6,321.5
199.0,23.91,45.7,1012.17,322.4
200.0,24.02,44.86,1012.48,322.2
201.0,24.2,43.74,1012.41,318.1
202.0,23.93,45.9,1012.46,319.9
203.0,24.17,43.72,1012.19,319.8
204.0,24.04,44.88,1012.2,316.3
205.0,24.0,44.78,1012.24,324.0
206.0,23.93,45.16,1012.29,317.3
207.0,24.12,44.32,1012.41,324.8
208.0,24.07,44.32,1012.5,323.6
209.0,24.01,44.51,1012.45,323.6
210.0,24.01,45.6,1012.5,320.2
211.0,23.97,45.13,1012.13,324.1
212.0,23.92,44.89,1012.25,317.3
213.0,24.15,44.22,1012.5,319.9
214.0,24.05,44.52,1012.37,320.4
215.0,24.07,45.17,1012.42,320.2
216.0,24.04,44.54,1012.45,323.3
217.0,24.02,44.47,1012.29,321.4
218.0,24.02,45.19,1012.48,318.4
219.0,23.96,45.8,1012.27,320.4
220.0,23.97,45.26,1012.17,325.9
221.0,23.97,44.94,1012.27,321.1
222.0,24.09,44.32,1012.41,321.1
223.0,23.97,44.95,1012.39,321.9
224.0,24.08,44.86,1012.27,318.3
225.0,23.94,44.43,1012.5,322.9
226.0,24.08,45.14,1012.32,326.0
227.0,23.93,45.48,1012.25,323.0
228.0,24.02,45.02,1012.46,316.7
229.0,24.03,44.99,1011.98,327.1
230.0,24.13,43.99,1012.43,322.1
231.0,24.09,44.58,1012.38,318.9
232.0,24.03,45.06,1012.31,317.6
233.0,24.09,44.59,1012.42,323.0
234.0,23.98,44.41,1012.52,318.6
235.0,23.89,45.43,1012.57,320.5
236.0,24.02,45.39,1012.31,317.0
237.0,23.9,45.5,1012.41,322.2
238.0,23.97,44.3,1012.06,317.7
239.0,23.93,45.67,1012.17,314.3
240.0,23.95,44.78,1012.05,320.5
241.0,24.04,44.53,1012.19,327.9
242.0,24.03,45.02,1012.42,323.0
243.0,23.93,45.26,1012.47,319.1
244.0,23.93,45.1,1012.13,320.4
245.0,24.14,44.05,1012.27,322.3
246.0,23.92,45.93,1012.49,319.1
247.0,24.04,45.12,1012.71,320.0
248.0,23.99,45.11,1012.57,313.7
249.0,24.05,44.64,1012.33,319.4
250.0,23.92,45.16,1012.74,322.2
251.0,23.93,45.78,1012.38,320.0
252.0,24.06,44.73,1012.51,319.6
253.0,24.05,45.22,1012.51,322.3
254.0,24.07,44.9,1012.44,318.6
255.0,24.06,44.8,1012.29,323.4
256.0,24.11,45.55,1012.43,320.8
257.0,23.89,46.09,1012.43,316.8
258.0,23.99,44.58,1012.72,322.9
259.0,23.98,44.61,1012.56,325.4
260.0,23.93,44.95,1012.5,318.9
261.0,24.0,45.26,1012.26,322.5
262.0,23.97,45.54,1012.3,327.9
263.0,24.04,44.84,1012.51,319.5
264.0,23.76,45.69,1012.3,317.3
265.0,23.76,44.91,1012.64,324.2
266.0,24.02,45.03,1012.59,315.5
267.0,23.99,44.65,1012.22,321.0
268.0,24.04,45.05,1012.49,317.0
269.0,24.19,43.39,1012.44,322.9
270.0,23.83,46.01,1012.46,324.4
271.0,24.16,44.1,1012.75,325.4
272.0,24.0,44.73,1012.58,323.5
273.0,24.09,44.63,1012.7,318.5
274.0,24.02,45.19,1012.43,320.2
275.0,24.06,45.39,1012.29,320.0
276.0,23.96,44.52,1012.38,324.8
277.0,23.96,45.07,1012.72,318.0
278.0,24.09,43.91,1012.26,316.0
279.0,23.86,45.19,1012.22,326.4
280.0,24.04,45.05,1012.53,316.3
281.0,23.83,45.25,1012.4,317.4
282.0,24.03,44.59,1012.38,322.0
283.0,23.94,45.43,1012.42,325.3
284.0,23.94,45.36,1012.32,317.8
285.0,23.9,45.23,1012.11,318.0
286.0,23.93,45.18,1012.28,319.3
287.0,24.01,44.4,1012.41,320.4
288.0,24.05,44.72,1012.2,320.6
289.0,24.02,45.35,1012.29,321.8
290.0,23.96,45.56,1012.39,321.1
291.0,23.98,45.02,1012.23,318.2
292.0,23.92,45.11,1012.3,327.5
293.0,24.1,45.31,1012.29,322.0
294.0,23.9,45.26,1012.33,322.5
295.0,23.97,45.3,1012.4,324.0
296.0,24.08,44.06,1012.22,324.8
297.0,24.03,44.57,1012.43,321.8
298.0,24.15,44.4,1012.18,324.2
299.0,23.94,44.95,1012.31,319.7
300.0,23.99,44.59,1012.62,318.9
301.0,23.95,44.83,1012.18,317.4
302.0,23.96,45.18,1012.51,316.7
303.0,23.88,46.35,1012.49,317.5
304.0,23.94,45.03,1012.73,320.5
305.0,23.87,44.83,1012.41,323.5
306.0,24.03,44.72,1012.49,318.7
307.0,24.01,44.96,1012.63,318.9
308.0,23.95,45.22,1012.49,319.2
309.0,23.96,45.69,1012.47,316.8
310.0,23.88,45.39,1012.37,322.7
311.0,24.06,44.76,1012.46,322.2
312.0,24.0,45.16,1012.35,317.9
313.0,23.89,45.16,1012.46,320.5
314.0,23.98,45.03,1012.48,320.8
315.0,23.95,45.76,1012.43,322.0
316.0,24.06,44.2,1012.24,319.3
317.0,24.16,44.01,1012.59,324.9
318.0,24.01,45.2,1012.48,320.9
319.0,24.0,45.46,1012.17,319.7
320.0,23.92,45.68,1012.52,318.9
321.0,23.92,45.62,1012.53,316.0
322.0,24.05,45.22,1012.44,322.6
323.0,24.01,45.42,1012.27,319.4
324.0,23.87,45.82,1012.67,319.2
325.0,24.11,44.9,1012.61,318.5
326.0,24.01,45.13,1012.36,317.7
327.0,23.98,45.85,1012.35,314.9
328.0,23.92,45.45,1012.44,319.6
329.0,23.95,45.49,1012.51,320.6
330.0,24.19,43.88,1012.26,320.0
331.0,23.83,45.72,1012.17,323.1
332.0,23.93,45.5,1012.52,320.8
333.0,24.04,43.99,1012.25,320.9
334.0,24.05,44.7,1012.67,321.9
335.0,24.03,45.01,1012.58,323.3
336.0,23.99,44.81,1012.54,318.8
337.0,23.91,45.37,1012.11,321.5
338.0,24.09,44.6,1012.26,326.5
339.0,23.96,45.18,1012.31,320.4
340.0,24.11,43.92,1012.43,323.1
341.0,24.02,44.8,1012.36,324.4
342.0,23.87,45.15,1012.24,321.7
343.0,24.12,44.48,1012.0,318.3
344.0,24.03,44.97,1012.48,323.1
345.0,24.01,45.41,1012.4,326.9
346.0,23.96,44.93,1012.43,325.5
347.0,24.04,44.41,1012.4,319.2
348.0,23.98,44.94,1012.62,322.2
349.0,24.05,44.05,1012.2,321.4
350.0,23.99,45.5,1012.46,323.7
351.0,23.98,45.11,1012.19,321.0
352.0,24.01,44.44,1012.4,322.4
353.0,24.16,44.53,1012.54,318.3
354.0,23.93,45.55,1012.78,319.9
355.0,24.13,44.28,1012.03,316.2
356.0,23.96,44.75,1012.46,320.2
357.0,24.04,44.84,1012.2,324.3
358.0,24.08,45.16,1012.28,321.8
359.0,24.0,44.44,1012.55,318.5
360.0,23.94,45.83,1012.5,320.9
361.0,24.06,44.81,1012.39,322.9
362.0,24.19,44.53,1012.34,322.2
363.0,23.88,45.48,1012.46,323.6
364.0,23.92,46.08,1012.32,316.7
365.0,24.02,44.23,1012.9,324.9
366.0,24.06,44.64,1012.05,321.4
367.0,24.03,44.79,1012.36,319.2
368.0,24.09,44.64,1012.37,326.8
369.0,24.06,44.77,1012.47,319.5
370.0,23.98,45.22,1012.61,322.1
371.0,24.07,44.7,1012.55,321.1
372.0,24.13,44.96,1012.32,323.4
373.0,23.99,45.65,1012.59,313.0
374.0,24.06,44.52,1012.2,314.9
375.0,23.97,45.29,1012.59,319.3
376.0,24.02,44.36,1012.29,322.4
377.0,23.94,45.75,1012.43,322.1
378.0,24.05,44.55,1012.38,320.3
379.0,24.13,44.65,1012.21,320.2
380.0,23.94,45.97,1012.33,325.0
381.0,23.9,45.19,1012.08,325.5
382.0,23.89,44.84,1012.37,321.4
383.0,24.06,44.16,1012.37,323.1
384.0,23.96,45.5,1012.53,324.5
385.0,23.99,45.42,1012.36,323.5
386.0,24.03,44.94,1012.47,325.2
387.0,24.1,44.73,1012.61,322.5
388.0,23.91,45.3,1012.53,319.8
389.0,23.92,45.68,1012.41,322.3
390.0,24.07,44.07,1012.21,317.2
391.0,24.08,45.05,1012.35,327.2
392.0,24.01,45.23,1012.47,320.7
393.0,23.87,45.85,1012.45,320.7
394.0,23.99,44.7,1012.47,321.2
395.0,24.04,44.57,1012.29,323.7
396.0,24.03,45.23,1012.45,316.5
397.0,23.99,45.33,1012.28,327.4
398.0,23.91,45.93,1012.31,325.9
399.0,23.98,44.62,1012.14,321.9
400.0,23.97,44.6,1012.48,323.5
401.0,23.98,45.5,1012.48,325.9
402.0,23.93,44.98,1012.16,322.6
403.0,24.09,44.37,1012.34,319.2
404.0,24.1,45.5,1012.49,320.2
405.0,23.99,45.13,1012.42,319.8
406.0,23.97,44.96,1012.4,318.4
407.0,23.95,45.4,1012.42,322.1
408.0,23.98,45.34,1012.46,325.9
409.0,23.99,45.06,1012.28,325.2
410.0,24.0,45.16,1012.39,324.2
411.0,24.07,45.09,1012.66,323.8
412.0,23.97,45.74,1012.49,317.8
413.0,23.97,45.02,1012.29,322.7
414.0,24.08,44.7,1012.43,321.7
415.0,23.87,45.28,1012.37,323.8
416.0,24.11,44.8,1012.28,321.4
417.0,23.96,44.57,1012.48,320.9
418.0,23.98,44.87,1012.47,325.0
419.0,24.04,44.92,1012.43,323.1
420.0,23.95,44.73,1012.54,321.4
421.0,24.09,44.59,1012.54,319.2
422.0,23.89,45.76,1012.31,319.0
423.0,23.99,45.3,1012.47,323.2
424.0,24.13,44.63,1012.16,319.9
425.0,24.12,44.58,1012.37,316.6
426.0,24.02,45.13,1012.07,323.4
427.0,24.02,44.91,1012.55,326.9
428.0,24.04,44.78,1012.42,325.9
429.0,24.03,44.31,1012.51,324.1
430.0,23.88,45.52,1012.52,320.3
431.0,24.04,45.13,1012.43,318.1
432.0,23.98,44.57,1012.61,322.9
433.0,24.01,45.07,1012.59,319.5
434.0,23.97,44.87,1012.56,320.1
435.0,23.97,44.67,1012.26,319.5
436.0,23.96,45.26,1012.48,322.5
437.0,24.04,44.86,1012.44,318.3
438.0,24.01,45.11,1012.52,324.3
439.0,23.95,44.52,1012.56,316.3
440.0,23.97,45.24,1012.53,325.5
441.0,23.87,45.28,1012.3,323.4
442.0,24.01,45.23,1012.39,320.5
443.0,24.1,44.38,1012.49,322.6
444.0,23.98,45.21,1012.5,325.1
445.0,23.96,44.91,1012.53,315.5
446.0,24.09,44.69,1012.22,322.1
447.0,23.99,44.43,1012.51,318.9
448.0,24.01,44.89,1012.44,324.1
449.0,23.97,45.06,1012.48,323.8
450.0,24.02,44.8,1012.3,321.2
451.0,23.98,44.95,1012.21,318.3
452.0,23.94,45.45,1012.54,319.6
453.0,24.13,44.51,1012.46,321.5
454.0,23.98,45.09,1012.55,325.9
455.0,24.04,44.53,1012.45,321.1
456.0,24.06,45.24,1012.39,324.8
457.0,23.9,45.63,1012.48,320.0
458.0,23.94,45.32,1012.39,319.3
459.0,24.07,44.37,1012.22,316.3
460.0,23.94,45.48,1012.27,328.2
461.0,23.96,44.76,1012.45,322.4
462.0,24.13,43.99,1012.54,322.8
463.0,23.92,45.35,1012.57,323.4
464.0,23.88,45.96,1012.29,321.2
465.0,24.1,44.43,1012.37,322.1
466.0,24.04,45.33,1012.42,324.9
467.0,24.15,44.79,1012.23,323.0
468.0,24.08,44.5,1012.41,324.2
469.0,24.03,44.6,1012.71,319.7
470.0,24.01,44.45,1012.27,317.6
471.0,23.94,45.27,1012.35,327.8
472.0,24.04,45.36,1012.3,319.4
473.0,23.9,44.81,1012.3,322.1
474.0,24.06,44.69,1012.6,318.5
475.0,24.16,43.87,1012.38,323.5
476.0,23.9,45.08,1012.45,322.2
477.0,24.05,44.93,1012.46,318.1
478.0,24.11,44.35,1012.31,318.2
479.0,23.87,45.49,1012.26,317.6
480.0,23.94,44.71,1012.41,321.3
481.0,24.06,44.67,1012.33,320.2
482.0,24.04,45.04,1012.45,321.4
483.0,24.03,45.75,1012.57,319.1
484.0,24.07,44.27,1012.39,320.2
485.0,24.02,44.83,1012.21,317.6
486.0,24.04,44.61,1012.12,323.3
487.0,23.99,45.05,1012.29,316.4
488.0,23.87,45.85,1012.36,318.1
489.0,24.2,43.94,1012.48,321.5
490.0,24.04,44.57,1012.47,319.2
491.0,23.96,45.55,1012.22,318.7
492.0,24.08,44.08,1012.5,320.8
493.0,24.02,44.86,1012.22,324.5
494.0,24.05,43.89,1012.2,314.8
495.0,23.99,45.76,1012.26,320.1
496.0,23.98,44.23,1012.41,324.4
497.0,24.02,45.0,1012.39,320.4
498.0,23.92,44.87,1012.49,320.0
499.0,24.06,43.86,1012.54,319.6
500.0,23.84,45.1,1012.47,320.4
501.0,23.94,44.3,1012.48,320.2
502.0,24.0,44.92,1012.62,322.1
503.0,23.99,44.87,1012.33,319.9
504.0,24.17,44.12,1012.25,318.3
505.0,24.08,44.29,1012.3,319.8
506.0,23.94,44.72,1012.31,320.5
507.0,24.04,44.82,1012.34,323.0
508.0,23.94,45.11,1012.47,322.5
509.0,24.11,44.37,1012.46,328.3
510.0,24.11,44.11,1012.3,322.2
511.0,23.93,44.92,1012.38,315.4
512.0,24.01,45.69,1012.65,327.5
513.0,23.97,44.69,1012.39,327.6
514.0,24.06,44.63,1012.39,322.8
515.0,23.97,44.58,1012.69,326.2
516.0,24.05,44.85,1012.35,321.0
517.0,24.0,44.88,1012.24,327.7
518.0,23.88,45.54,1012.3,320.8
519.0,24.12,45.02,1012.46,327.9
520.0,23.94,45.24,1012.38,320.5
521.0,23.99,45.12,1012.4,323.4
522.0,24.15,44.15,1012.41,325.0
523.0,23.93,45.79,1012.45,325.3
524.0,23.99,44.41,1012.51,318.2
525.0,23.93,45.49,1012.39,320.4
526.0,24.06,44.55,1012.39,322.0
527.0,23.93,44.77,1012.32,324.3
528.0,24.05,44.04,1012.61,322.2
529.0,23.92,46.1,1012.5,316.2
530.0,24.0,44.9,1012.37,318.9
531.0,23.96,45.55,1012.27,319.9
532.0,23.89,45.47,1012.7,323.3
533.0,23.87,45.74,1012.34,319.1
534.0,24.05,44.66,1012.49,323.8
535.0,23.92,45.61,1012.58,319.7
536.0,23.99,45.01,1012.52,318.2
537.0,23.98,45.81,1012.34,321.5
538.0,24.09,45.38,1012.33,315.4
539.0,24.05,45.14,1012.5,321.9
540.0,23.91,45.83,1012.19,321.1
541.0,24.1,44.5,1012.59,322.9
542.0,23.94,44.9,1012.29,319.2
543.0,24.03,44.53,1012.32,327.0
544.0,23.97,45.61,1012.46,325.5
545.0,23.97,45.81,1012.22,319.3
546.0,23.99,44.66,1012.18,322.3
547.0,24.01,44.87,1012.44,324.3
548.0,23.96,44.88,1012.23,327.3
549.0,23.81,46.45,1012.35,322.1
550.0,23.84,45.48,1012.5,322.8
551.0,24.07,44.82,1012.5,323.2
552.0,24.02,45.09,1012.4,319.8
553.0,24.06,44.79,1012.57,320.3
554.0,23.95,45.62,1012.35,318.7
555.0,24.11,44.55,1012.19,324.1
556.0,24.09,44.85,1012.48,318.9
557.0,24.1,45.22,1012.53,321.7
558.0,23.88,45.61,1012.43,322.0
559.0,24.02,45.09,1012.32,326.7
560.0,23.91,45.2,1012.51,321.4
561.0,24.06,44.56,1012.59,321.5
562.0,24.11,44.22,1012.67,322.2
563.0,23.98,44.76,1012.2,318.5
564.0,23.97,45.45,1012.56,323.1
565.0,24.01,45.34,1012.48,319.2
566.0,24.0,44.57,1012.71,316.6
567.0,24.03,45.09,1012.55,319.2
568.0,24.03,45.5,1012.29,322.9
569.0,23.97,45.29,1012.4,323.2
570.0,23.95,44.69,1012.19,323.9
571.0,24.06,44.43,1012.69,319.6
572.0,24.12,44.04,1012.3,320.0
573.0,24.02,45.17,1012.64,318.9
574.0,24.06,44.31,1012.39,322.7
575.0,24.04,44.71,1012.17,324.8
576.0,24.15,44.7,1012.22,323.8
577.0,23.86,45.62,1012.43,324.5
578.0,23.94,45.13,1012.37,324.7
579.0,24.03,45.12,1012.53,322.2
580.0,23.94,45.47,1012.33,314.6
581.0,23.84,46.36,1012.31,318.8
582.0,24.02,44.43,1012.66,325.0
583.0,24.09,44.65,1012.6,318.7
584.0,24.02,44.85,1012.63,321.0
585.0,24.03,44.56,1012.31,325.0
586.0,24.12,44.84,1012.52,325.1
587.0,23.9,45.63,1012.7,322.8
588.0,24.02,44.51,1012.1,324.1
589.0,24.03,44.86,1012.38,320.1
590.0,23.8,46.23,1012.34,320.4
591.0,23.89,44.54,1012.54,323.8
592.0,24.15,44.36,1012.61,319.4
593.0,23.96,44.46,1012.57,322.1
594.0,23.95,45.5,1012.27,322.2
595.0,23.98,44.89,1012.46,323.9
596.0,23.98,45.69,1012.52,326.0
597.0,23.94,45.29,1012.69,321.4
598.0,24.02,44.12,1012.47,320.7
599.0,24.06,44.77,1012.67,321.5
600.0,24.08,44.29,1012.39,323.6
601.0,23.91,45.87,1012.46,322.9
602.0,24.07,44.47,1012.18,322.6
603.0,23.96,44.86,1012.26,320.3
604.0,23.95,45.48,1012.44,320.9
605.0,23.99,45.03,1012.71,322.4
606.0,23.96,45.21,1012.59,320.3
607.0,23.91,45.16,1012.52,320.0
608.0,24.05,45.79,1012.26,319.8
609.0,23.94,45.03,1012.33,320.2
610.0,23.92,44.4,1012.54,321.4
611.0,24.03,44.82,1012.14,323.7
612.0,23.98,44.4,1012.31,322.4
613.0,24.05,44.0,1012.19,323.1
614.0,24.09,44.2,1012.49,320.3
615.0,24.11,44.35,1012.33,320.0
616.0,24.06,44.98,1012.4,324.4
617.0,24.09,44.62,1012.25,325.6
618.0,24.0,44.67,1012.47,326.5
619.0,24.07,44.56,1012.37,323.2
620.0,24.05,44.52,1012.29,323.0
621.0,23.91,45.52,1012.24,325.9
622.0,23.9,45.86,1012.38,318.7
623.0,23.95,45.13,1012.54,320.7
624.0,24.03,44.38,1012.18,321.9
625.0,23.85,45.36,1012.48,321.3
626.0,24.02,44.16,1012.58,324.1
627.0,23.95,44.96,1012.54,323.3
628.0,23.88,46.15,1012.33,320.3
629.0,24.1,44.26,1012.52,320.9
630.0,23.93,45.12,1012.45,321.9
631.0,23.99,44.94,1012.44,322.9
632.0,23.97,45.11,1012.79,323.7
633.0,24.75,41.88,1012.37,326.6
634.0,25.53,37.45,1012.41,325.6
635.0,26.51,33.54,1011.99,323.4
636.0,27.33,30.09,1012.6,323.8
637.0,28.23,25.67,1012.28,331.2
638.0,28.93,21.96,1012.03,321.1
639.0,28.96,22.6,1012.35,317.9
640.0,29.12,22.59,1012.25,319.0
641.0,29.1,22.0,1012.63,320.6
642.0,29.09,21.89,1012.7,323.8
643.0,28.92,22.81,1012.34,321.7
644.0,28.91,22.9,1012.53,323.8
645.0,28.88,22.95,1012.42,325.5
646.0,29.08,21.95,1012.43,320.7
647.0,28.74,23.11,1012.43,324.2
648.0,29.09,21.98,1012.44,319.4
649.0,28.9,23.37,1012.29,320.5
650.0,28.94,22.52,1012.27,328.3
651.0,28.9,22.57,1012.47,327.5
652.0,29.18,21.73,1012.19,324.5
653.0,29.05,22.16,1012.78,316.4
654.0,28.88,22.74,1012.19,321.7
655.0,28.97,22.6,1012.73,321.8
656.0,28.94,22.21,1012.3,321.0
657.0,29.04,22.14,1012.32,319.1
658.0,28.94,22.94,1012.58,323.2
659.0,29.0,23.24,1012.32,318.9
660.0,29.01,22.12,1012.45,319.5
661.0,28.82,22.92,1012.48,319.5
662.0,29.0,22.08,1012.29,321.6
663.0,29.06,22.04,1012.37,322.7
664.0,28.93,23.51,1012.07,324.4
665.0,28.85,23.08,1012.2,320.1
666.0,28.89,22.73,1012.41,326.8
667.0,29.0,22.21,1012.05,327.6
668.0,29.01,22.39,1012.07,321.9
669.0,28.96,22.9,1012.54,324.0
670.0,29.05,22.1,1012.46,321.3
671.0,29.14,21.97,1012.58,322.4
672.0,28.92,22.8,1012.26,323.9
673.0,28.85,23.17,1012.29,321.1
674.0,29.07,22.37,1012.34,324.8
675.0,29.08,22.01,1012.36,323.0
676.0,28.98,22.08,1012.43,322.0
677.0,29.03,22.13,1012.13,323.5
678.0,29.24,20.6,1012.35,327.6
679.0,29.2,21.78,1012.37,324.1
680.0,29.04,22.63,1012.56,321.8
681.0,28.84,23.14,1012.39,325.5
682.0,28.97,23.33,1012.32,326.4
683.0,29.0,22.0,1012.36,316.7
684.0,29.02,21.96,1012.39,328.0
685.0,29.0,22.91,1012.21,321.7
686.0,28.95,22.57,1012.56,319.0
687.0,29.01,22.18,1012.89,320.4
688.0,29.1,21.82,1012.26,323.0
689.0,29.11,21.14,1012.33,327.7
690.0,29.05,22.55,1012.31,317.8
691.0,29.05,22.14,1012.25,315.4
692.0,28.85,22.95,1012.41,324.0
693.0,29.18,21.54,1012.32,323.2
694.0,29.09,22.73,1012.26,323.5
695.0,29.06,22.95,1012.46,324.1
696.0,29.04,21.46,1012.42,320.5
697.0,29.06,22.05,1012.37,325.4
698.0,29.01,22.26,1012.59,321.0
699.0,28.9,23.11,1012.58,322.8
700.0,28.71,24.34,1012.21,321.0
701.0,29.01,22.55,1012.26,326.0
702.0,29.1,21.32,1012.37,321.1
703.0,29.03,21.55,1012.19,320.2
704.0,29.02,22.34,1012.48,324.9
705.0,29.05,22.6,1012.37,320.4
706.0,29.0,22.42,1012.43,320.2
707.0,29.16,21.49,1012.47,321.1
708.0,28.97,22.58,1012.34,317.2
709.0,29.09,22.79,1012.26,321.2
710.0,29.09,22.57,1012.52,325.9
711.0,29.06,22.68,1012.44,320.2
712.0,29.18,21.86,1012.32,322.1
713.0,28.99,22.52,1012.28,324.8
714.0,29.06,22.65,1012.43,322.8
715.0,28.74,23.79,1012.31,317.6
716.0,28.97,22.74,1012.26,315.8
717.0,28.96,22.7,1012.01,323.9
718.0,29.03,21.8,1012.49,327.8
719.0,29.15,21.78,1012.35,322.8
720.0,29.16,22.06,1012.38,323.5
721.0,28.9,23.22,1012.55,323.1
722.0,29.0,21.67,1012.35,322.6
723.0,29.01,22.38,1012.38,318.4
724.0,28.88,22.83,1012.27,319.0
725.0,29.06,22.46,1012.67,325.6
726.0,28.99,22.64,1012.32,324.9
727.0,28.92,23.47,1012.51,318.3
728.0,28.98,23.26,1012.64,320.0
729.0,28.91,22.4,1012.47,321.1
730.0,29.05,22.23,1012.58,324.5
731.0,28.86,23.8,1012.37,322.8
732.0,28.96,22.75,1012.25,322.0
733.0,28.83,22.84,1012.25,324.1
734.0,29.14,21.35,1012.12,326.9
735.0,29.08,21.99,1012.35,323.4
736.0,29.06,22.57,1012.33,324.3
737.0,28.81,22.85,1012.32,328.6
738.0,28.92,23.51,1012.64,319.3
739.0,29.08,22.32,1012.22,323.3
740.0,29.09,21.96,1012.35,326.7
741.0,29.04,22.0,1012.41,324.0
742.0,28.98,22.72,1012.53,317.2
743.0,29.05,23.16,1012.5,325.9
744.0,28.88,23.07,1012.52,318.5
745.0,29.12,21.9,1012.24,330.5
746.0,29.16,21.55,1012.51,318.5
747.0,29.0,22.35,1012.41,320.4
748.0,29.07,21.79,1012.49,319.3
749.0,29.03,21.96,1012.45,321.6
750.0,29.11,21.85,1012.56,322.8
751.0,29.15,21.52,1012.44,321.6
752.0,28.97,21.89,1012.49,320.0
753.0,28.94,22.93,1012.45,326.8
754.0,29.05,21.84,1012.41,316.4
755.0,29.1,21.91,1012.25,323.9
756.0,29.01,22.31,1012.56,325.7
757.0,29.03,22.93,1012.28,324.3
758.0,29.0,23.27,1012.3,327.7
759.0,29.15,21.83,1012.49,326.8
760.0,28.89,23.49,1012.45,324.8
761.0,28.98,21.96,1012.12,324.3
762.0,28.96,22.49,1012.43,317.2
763.0,28.94,22.37,1012.42,319.3
764.0,29.02,23.22,1012.64,322.9
765.0,28.92,22.38,1012.33,321.3
766.0,28.98,22.48,1012.43,326.2
767.0,28.95,23.48,1012.54,320.4
768.0,29.14,21.42,1012.69,323.1
769.0,28.99,22.96,1012.56,322.1
770.0,28.93,22.98,1012.29,319.6
771.0,28.87,23.17,1012.4,320.0
772.0,29.16,22.65,1012.53,320.7
773.0,28.86,23.9,1012.41,323.1
774.0,28.91,22.54,1012.32,323.4
775.0,29.11,21.78,1012.2,315.2
776.0,28.98,22.25,1012.34,325.3
777.0,28.95,22.4,1012.51,319.8
778.0,29.12,21.74,1012.39,330.2
779.0,28.97,22.96,1012.36,318.9
780.0,28.91,22.89,1012.28,323.7
781.0,28.92,22.35,1012.52,325.1
782.0,28.95,23.15,1012.24,323.7
783.0,28.9,22.35,1012.34,320.6
784.0,28.87,23.13,1012.31,327.1
785.0,28.99,22.5,1012.58,319.2
786.0,29.07,22.29,1012.34,324.1
787.0,28.87,22.48,1012.26,323.5
788.0,28.92,22.67,1012.66,320.3
789.0,28.96,22.71,1012.22,319.7
790.0,29.09,21.81,1012.19,324.7
791.0,29.07,22.43,1012.39,320.0
792.0,29.07,22.48,1012.23,320.2
793.0,29.14,21.83,1012.35,325.9
794.0,28.97,23.33,1012.13,323.9
795.0,28.91,23.2,1012.39,327.1
796.0,29.07,22.39,1012.44,326.3
797.0,29.12,21.83,1012.28,322.8
798.0,29.08,22.87,1012.39,319.5
799.0,29.13,21.36,1012.53,324.0
800.0,28.97,22.89,1012.37,321.6
801.0,28.99,22.58,1012.34,322.0
802.0,29.05,22.42,1012.57,326.6
803.0,29.14,21.9,1012.6,321.7
804.0,29.01,23.0,1012.44,321.5
805.0,29.07,22.41,1012.44,320.0
806.0,28.88,23.0,1012.59,318.0
807.0,29.02,21.74,1012.34,326.3
808.0,29.11,22.01,1012.37,321.7
809.0,28.99,22.3,1012.43,318.0
810.0,29.13,22.01,1012.65,321.9
811.0,29.08,22.17,1012.46,318.9
812.0,29.14,22.41,1012.34,326.0
813.0,28.94,22.57,1012.58,322.1
814.0,29.08,21.95,1012.4,320.3
815.0,29.08,22.09,1012.52,320.9
816.0,29.12,21.58,1012.35,322.0
817.0,29.0,23.32,1012.42,323.9
818.0,29.03,22.34,1012.39,321.7
819.0,28.91,22.83,1012.39,325.8
820.0,29.03,21.75,1012.62,327.8
821.0,29.03,22.65,1012.57,322.8
822.0,28.94,22.71,1012.4,326.1
823.0,29.03,22.95,1012.65,321.3
824.0,29.13,22.07,1012.35,319.0
825.0,29.04,23.01,1012.43,317.0
826.0,29.12,21.58,1012.36,319.9
827.0,29.03,22.65,1012.23,320.6
828.0,29.1,22.2,1012.56,320.0
829.0,28.97,23.87,1012.53,322.1
830.0,29.08,22.26,1012.17,326.9
831.0,29.22,21.06,1012.67,324.0
832.0,29.03,22.31,1012.34,316.5
833.0,29.04,22.05,1012.25,320.8
834.0,29.09,21.65,1012.41,321.2
835.0,28.88,22.47,1012.43,324.1
836.0,28.92,22.75,1012.56,324.8
837.0,29.17,21.52,1012.62,329.2
838.0,28.81,22.88,1012.4,327.0
839.0,29.09,22.26,1012.18,327.5
840.0,28.87,22.86,1012.39,323.2
841.0,29.07,21.93,1012.46,326.0
842.0,29.1,21.89,1012.48,319.7
843.0,29.1,21.8,1012.3,326.0
844.0,29.22,22.63,1012.42,321.0
845.0,28.91,23.01,1012.17,326.3
846.0,29.11,22.34,1012.52,323.6
847.0,29.05,23.23,1012.37,323.0
848.0,28.94,22.68,1012.22,320.3
849.0,29.04,22.23,1012.25,326.9
850.0,28.96,22.2,1012.37,325.2
851.0,29.06,22.31,1012.62,319.2
852.0,28.97,22.43,1012.52,321.9
853.0,29.02,22.55,1012.37,321.6
854.0,29.06,22.54,1012.6,323.9
855.0,29.25,21.27,1012.54,324.1
856.0,28.79,23.74,1012.39,320.0
857.0,29.18,22.08,1012.27,322.0
858.0,28.96,22.93,1012.65,323.3
859.0,29.01,23.23,1012.5,323.4
860.0,28.85,23.11,1012.21,325.6
861.0,28.95,22.8,1012.49,318.3
862.0,28.85,23.0,1012.48,320.7
863.0,29.05,21.81,1012.51,321.4
864.0,29.16,22.19,1012.44,327.3
865.0,29.18,21.55,1012.52,317.9
866.0,28.96,22.57,1012.31,321.7
867.0,29.06,21.98,1012.55,320.4
868.0,28.83,23.11,1012.5,321.0
869.0,28.94,22.24,1012.39,328.8
870.0,29.13,21.47,1012.46,325.1
871.0,29.01,22.43,1012.42,317.8
872.0,28.94,22.19,1012.31,320.5
873.0,29.01,22.42,1012.35,320.0
874.0,28.97,22.58,1012.37,322.8
875.0,28.87,22.92,1012.32,324.4
876.0,29.18,21.23,1012.19,319.7
877.0,28.99,22.13,1012.57,326.3
878.0,29.04,22.13,1012.31,324.0
879.0,28.83,23.57,1012.6,320.2
880.0,28.81,23.91,1012.61,318.2
881.0,29.04,22.7,1012.45,325.0
882.0,29.09,22.51,1012.22,325.4
883.0,28.93,22.56,1012.29,319.2
884.0,29.08,22.3,1012.29,318.7
885.0,29.11,22.0,1012.49,320.5
886.0,28.98,22.89,1012.46,320.2
887.0,28.78,22.77,1012.45,323.3
888.0,29.06,22.03,1012.33,321.3
889.0,29.13,22.13,1012.23,322.1
890.0,29.12,22.37,1012.39,320.5
891.0,29.07,22.03,1012.78,321.1
892.0,28.94,23.03,1012.49,320.9
893.0,29.0,22.91,1012.05,318.8
894.0,29.01,22.41,1012.38,318.1
895.0,28.98,23.07,1012.44,322.3
896.0,29.0,22.09,1012.34,311.9
897.0,28.99,22.66,1012.34,324.4
898.0,28.92,22.54,1012.57,320.7
899.0,28.88,23.58,1012.37,319.8
900.0,28.99,22.36,1012.4,322.9
901.0,28.99,22.14,1012.25,325.6
902.0,29.1,21.75,1012.38,320.7
903.0,28.96,23.57,1012.36,321.2
904.0,29.03,22.62,1012.36,313.8
905.0,28.97,23.34,1012.61,326.5
906.0,28.97,22.68,1012.28,326.8
907.0,29.02,22.72,1012.54,319.7
908.0,28.94,22.59,1012.55,328.4
909.0,28.85,22.49,1012.44,325.5
910.0,28.92,22.26,1012.57,325.5
911.0,29.23,22.0,1012.3,320.5
912.0,29.06,22.13,1012.21,326.2
913.0,28.8,23.32,1012.37,322.9
914.0,28.93,23.14,1012.46,320.7
915.0,29.0,22.56,1012.61,324.1
916.0,29.01,22.51,1012.27,329.0
917.0,28.9,23.17,1012.67,321.7
918.0,29.09,21.77,1012.23,323.0
919.0,28.86,23.49,1012.46,321.8
920.0,29.14,21.62,1012.48,317.6
921.0,29.06,21.59,1012.39,322.3
922.0,29.01,22.73,1012.19,322.9
923.0,29.11,22.15,1012.27,327.1
924.0,28.96,21.75,1012.46,324.2
925.0,29.15,21.67,1012.35,322.4
926.0,28.87,23.01,1012.5,323.8
927.0,29.05,22.51,1012.22,322.4
928.0,28.98,22.65,1012.68,326.7
929.0,29.2,21.82,1012.42,330.3
930.0,29.08,22.09,1012.19,328.4
931.0,29.05,21.79,1012.45,328.7
932.0,29.01,22.32,1012.45,323.1
933.0,29.05,22.99,1012.44,320.0
934.0,29.1,22.69,1012.46,323.7
935.0,29.14,22.05,1012.48,323.3
936.0,28.78,23.82,1012.4,320.1
937.0,28.88,22.59,1012.37,322.5
938.0,29.12,22.37,1012.48,321.6
939.0,29.12,22.36,1012.2,328.1
940.0,28.92,22.44,1012.27,319.8
941.0,28.97,22.86,1012.24,326.7
942.0,28.94,22.85,1012.45,329.6
943.0,29.06,22.04,1012.36,321.6
944.0,29.01,22.45,1012.46,325.0
945.0,28.94,22.29,1012.26,323.2
946.0,28.84,23.2,1012.22,323.0
947.0,28.92,22.75,1012.43,323.6
948.0,28.88,22.54,1012.68,326.3
949.0,28.97,22.44,1012.44,321.4
950.0,29.06,22.32,1012.38,320.6
951.0,29.07,22.22,1012.2,327.2
952.0,28.9,23.11,1012.1,320.0
953.0,29.05,23.19,1012.43,325.4
954.0,28.76,24.05,1012.51,316.8
955.0,29.11,22.08,1012.48,322.0
956.0,28.9,22.82,1012.33,327.8
957.0,29.18,21.87,1012.54,321.5
958.0,28.99,23.0,1012.34,322.2
959.0,29.04,22.34,1012.39,326.1
960.0,28.83,23.77,1012.57,319.6
961.0,29.14,21.83,1012.14,322.6
962.0,29.01,22.55,1012.19,318.0
963.0,29.11,22.0,1012.39,321.6
964.0,29.23,21.4,1012.29,316.3
965.0,29.16,22.12,1012.44,329.8
966.0,28.85,23.67,1012.35,319.3
967.0,29.17,21.81,1012.47,321.8
968.0,29.07,22.01,1012.76,323.2
969.0,28.97,23.19,1012.6,324.6
970.0,29.02,22.48,1012.45,318.1
971.0,28.9,23.1,1012.14,323.8
972.0,28.89,22.38,1012.23,326.4
973.0,28.96,23.18,1012.32,326.0
974.0,28.79,23.47,1012.67,326.0
975.0,28.96,22.63,1012.25,322.4
976.0,28.94,22.29,1012.29,323.3
977.0,29.1,21.53,1012.37,323.1
978.0,29.09,21.93,1012.48,329.8
979.0,29.1,21.92,1012.25,320.8
980.0,28.99,23.18,1012.36,318.1
981.0,28.98,22.35,1012.31,321.2
982.0,29.13,22.12,1012.22,324.7
983.0,28.82,23.54,1012.62,322.1
984.0,29.0,22.49,1012.17,322.6
985.0,29.06,22.15,1012.14,322.7
986.0,29.03,22.63,1012.53,325.0
987.0,29.06,22.22,1012.22,319.7
988.0,29.15,22.1,1012.67,322.5
989.0,29.11,22.16,1012.19,320.6
990.0,29.13,21.79,1012.45,322.9
991.0,28.99,22.07,1012.36,325.5
992.0,29.0,22.88,1012.34,321.5
993.0,28.84,23.2,1012.54,324.8
994.0,28.96,22.57,1012.53,324.3
995.0,29.06,22.0,1012.38,321.6
996.0,29.1,22.34,1012.42,325.8
997.0,29.07,22.0,1012.41,332.8
998.0,28.92,22.84,1012.2,323.9
999.0,29.18,21.91,1012.66,323.4
1000.0,29.13,21.52,1012.5,321.5
1001.0,28.98,22.1,1012.32,329.0
1002.0,29.08,22.58,1012.08,315.6
1003.0,29.0,22.35,1012.2,326.3
1004.0,29.0,22.42,1012.6,321.0
1005.0,28.79,23.38,1012.45,325.1
1006.0,28.95,22.55,1012.32,319.9
1007.0,29.18,21.73,1012.13,325.7
1008.0,28.86,22.81,1012.53,326.6
1009.0,29.04,22.51,1012.37,326.5
1010.0,28.9,22.74,1012.49,320.9
1011.0,29.08,21.44,1012.24,324.3
1012.0,28.96,21.88,1012.47,324.0
1013.0,29.01,21.79,1012.45,317.2
1014.0,29.07,22.43,1012.41,321.2
1015.0,28.97,22.4,1012.27,323.7
1016.0,29.13,22.67,1012.51,324.8
1017.0,29.09,22.01,1012.9,325.0
1018.0,28.99,22.29,1012.3,323.6
1019.0,28.87,23.4,1012.43,319.7
1020.0,29.06,22.34,1012.3,327.7
1021.0,29.2,21.25,1012.31,321.3
1022.0,28.99,22.6,1012.44,325.5
1023.0,29.02,22.02,1012.39,324.8
1024.0,28.94,23.11,1012.31,322.4
1025.0,29.03,22.2,1012.4,324.2
1026.0,28.99,22.82,1012.3,326.0
1027.0,29.0,22.82,1012.29,325.8
1028.0,29.19,21.95,1012.45,323.4
1029.0,29.24,21.11,1012.37,327.1
1030.0,28.83,23.59,1012.3,323.9
1031.0,29.02,22.3,1012.26,326.2
1032.0,28.78,23.14,1012.03,322.7
1033.0,29.02,21.67,1012.27,325.7
1034.0,29.2,21.72,1012.5,320.0
1035.0,28.94,22.39,1012.43,323.3
1036.0,29.02,21.8,1012.14,324.6
1037.0,29.05,21.55,1012.48,322.5
1038.0,28.86,23.61,1012.2,322.2
1039.0,28.96,22.22,1012.27,322.8
1040.0,29.03,22.74,1012.5,325.5
1041.0,28.98,22.16,1012.18,322.9
1042.0,29.11,22.46,1012.18,320.7
1043.0,28.97,22.6,1012.21,324.3
1044.0,28.91,23.67,1012.59,325.8
1045.0,29.16,22.19,1012.31,322.5
1046.0,29.01,21.59,1012.37,328.9
1047.0,28.97,22.88,1012.22,324.8
1048.0,28.91,22.97,1012.36,322.9
1049.0,28.97,22.85,1012.53,314.0
1050.0,29.14,21.84,1012.34,323.0
1051.0,28.87,23.22,1012.41,322.6
1052.0,29.12,22.03,1012.54,322.4
1053.0,29.13,21.81,1012.43,322.9
1054.0,28.89,23.19,1012.2,320.8
1055.0,29.12,21.92,1012.25,323.2
1056.0,28.98,22.62,1012.51,324.6
1057.0,28.91,23.28,1012.5,323.7
1058.0,29.12,22.4,1012.26,326.4
1059.0,29.0,22.55,1012.31,324.3
1060.0,28.93,22.58,1012.37,325.0
1061.0,28.91,22.62,1012.33,327.5
1062.0,29.02,22.88,1012.55,325.2
1063.0,28.8,22.99,1012.2,319.0
1064.0,29.07,21.41,1012.45,319.2
1065.0,29.1,22.32,1012.1,325.1
1066.0,29.06,21.98,1012.19,324.2
1067.0,28.96,22.88,1012.56,321.9
1068.0,29.16,22.38,1012.42,321.0
1069.0,29.14,21.56,1012.16,323.2
1070.0,28.81,23.44,1012.48,325.4
1071.0,28.95,22.64,1012.47,322.9
1072.0,29.01,23.23,1012.42,320.3
1073.0,29.21,21.38,1012.42,318.8
1074.0,28.93,22.75,1012.26,321.5
1075.0,29.24,21.39,1012.14,324.3
1076.0,29.17,21.53,1012.72,325.3
1077.0,28.99,22.64,1012.28,323.9
1078.0,29.11,21.99,1012.14,322.5
1079.0,28.95,22.87,1012.31,325.6
1080.0,28.97,23.01,1012.4,324.2
1081.0,29.04,22.12,1012.5,317.2
1082.0,28.96,21.77,1012.49,316.4
1083.0,28.98,22.36,1012.49,323.6
1084.0,28.94,22.53,1012.5,324.4
1085.0,29.06,21.96,1012.28,324.1
1086.0,28.92,23.57,1012.65,327.6
1087.0,29.0,22.35,1012.51,326.6
1088.0,28.89,23.51,1012.28,321.2
1089.0,28.96,23.09,1012.42,323.6
1090.0,28.98,22.62,1012.48,321.6
1091.0,29.06,21.85,1012.42,319.0
1092.0,29.0,22.58,1012.32,324.4
1093.0,29.07,22.25,1012.38,326.0
1094.0,29.08,21.7,1012.71,327.5
1095.0,29.02,22.34,1012.32,327.4
1096.0,29.01,22.84,1012.62,319.1
1097.0,29.29,21.3,1012.34,324.0
1098.0,28.89,23.27,1012.53,320.7
1099.0,29.07,22.39,1012.17,324.4
1100.0,29.04,22.62,1012.42,322.1
1101.0,29.02,22.81,1012.65,322.7
1102.0,29.07,22.31,1012.34,317.8
1103.0,28.96,22.31,1012.5,326.7
1104.0,28.98,22.65,1012.51,332.9
1105.0,28.89,22.52,1012.43,326.6
1106.0,29.1,22.58,1012.41,321.5
1107.0,28.95,22.85,1012.47,323.4
1108.0,28.87,22.65,1012.33,320.5
1109.0,28.96,22.58,1012.66,323.6
1110.0,29.1,22.18,1012.53,324.0
1111.0,29.1,22.29,1012.4,325.0
1112.0,29.19,21.39,1012.79,322.0
1113.0,29.08,22.3,1012.14,329.3
1114.0,29.04,22.63,1012.4,322.5
1115.0,28.93,22.72,1012.53,324.8
1116.0,28.92,23.44,1012.49,324.9
1117.0,28.96,22.39,1012.68,326.7
1118.0,29.05,22.36,1012.39,325.1
1119.0,28.94,22.4,1012.45,322.1
1120.0,29.14,21.15,1012.49,318.7
1121.0,28.81,23.25,1012.29,322.4
1122.0,28.98,22.7,1012.25,324.3
1123.0,28.97,22.81,1012.38,323.1
1124.0,28.82,23.56,1012.46,321.0
1125.0,29.06,22.59,1012.54,322.0
1126.0,29.02,22.46,1012.68,322.9
1127.0,29.08,22.25,1012.26,321.8
1128.0,29.01,22.61,1012.53,319.3
1129.0,29.04,22.86,1012.56,325.1
1130.0,28.92,22.96,1012.24,326.2
1131.0,29.0,22.5,1012.35,327.6
1132.0,29.1,21.86,1012.47,319.3
1133.0,29.06,22.02,1012.39,322.7
1134.0,28.94,22.78,1012.49,322.9
1135.0,28.85,22.5,1012.56,321.0
1136.0,28.96,22.6,1012.46,324.0
1137.0,28.94,22.74,1012.28,328.0
1138.0,28.81,23.19,1012.08,327.2
1139.0,28.87,23.54,1012.48,323.0
1140.0,29.08,21.36,1012.35,321.8
1141.0,28.99,22.73,1012.36,324.5
1142.0,28.87,22.89,1012.31,321.8
1143.0,29.14,21.65,1012.23,322.0
1144.0,29.02,22.41,1012.53,325.6
1145.0,29.04,22.23,1012.57,325.2
1146.0,28.81,23.45,1012.66,319.6
1147.0,28.86,23.67,1012.37,326.8
1148.0,29.23,21.79,1012.32,320.2
1149.0,28.86,23.17,1012.54,325.1
1150.0,28.9,23.25,1012.28,319.9
1151.0,29.02,22.4,1012.21,320.9
1152.0,29.0,22.62,1012.23,321.4
1153.0,29.02,22.03,1012.13,329.4
1154.0,28.96,22.59,1012.52,324.1
1155.0,29.12,22.32,1012.31,327.5
1156.0,29.13,21.36,1012.44,321.8
1157.0,29.03,23.03,1012.23,324.0
1158.0,29.07,22.55,1012.63,320.2
1159.0,29.07,21.88,1012.46,323.2
1160.0,29.1,22.63,1012.27,326.4
1161.0,29.07,21.5,1012.48,320.8
1162.0,29.01,22.4,1012.4,323.9
1163.0,28.96,23.27,1012.31,325.9
1164.0,28.9,22.79,1012.46,321.1
1165.0,28.95,23.18,1012.73,320.8
1166.0,28.95,22.81,1012.68,318.3
1167.0,29.1,22.15,1012.26,325.2
1168.0,29.07,22.9,1011.99,327.3
1169.0,29.04,22.42,1012.51,318.6
1170.0,28.98,22.46,1012.28,320.6
1171.0,29.08,22.38,1012.21,323.7
1172.0,29.04,22.19,1012.33,324.3
1173.0,28.92,22.37,1012.26,326.9
1174.0,28.74,23.56,1012.34,322.9
1175.0,29.11,22.14,1012.59,321.5
1176.0,29.05,22.88,1012.18,325.1
1177.0,28.92,22.47,1012.34,325.6
1178.0,29.05,22.11,1012.35,324.9
1179.0,28.93,22.75,1012.55,320.1
1180.0,28.98,22.84,1012.42,326.0
1181.0,29.11,22.18,1012.53,325.5
1182.0,28.99,22.31,1012.34,321.1
1183.0,28.92,23.09,1012.18,326.3
1184.0,29.25,21.02,1012.28,325.5
1185.0,28.97,22.82,1012.44,324.5
1186.0,29.2,21.17,1012.46,325.8
1187.0,28.81,23.89,1012.49,322.8
1188.0,29.09,21.69,1012.53,322.9
1189.0,28.99,23.11,1012.51,323.2
1190.0,29.16,21.88,1012.49,324.2
1191.0,29.05,21.85,1012.41,319.1
1192.0,28.81,23.4,1012.61,321.9
1193.0,29.03,22.71,1012.56,325.1
1194.0,29.0,23.04,1012.67,320.8
1195.0,29.15,21.03,1012.11,326.8
1196.0,29.13,21.87,1012.35,320.1
1197.0,28.89,22.79,1012.54,328.4
1198.0,28.97,23.37,1012.21,321.6
1199.0,28.98,22.57,1012.46,322.4
1200.0,28.99,21.68,1012.27,327.3
1201.0,28.93,23.16,1012.44,314.7
1202.0,29.07,22.78,1012.48,326.5
1203.0,28.9,23.48,1012.31,323.7
1204.0,29.06,22.9,1012.38,323.1
1205.0,29.0,22.19,1012.14,325.4
1206.0,29.04,22.15,1012.28,325.8
1207.0,29.01,22.67,1012.41,325.8
1208.0,28.99,23.22,1012.54,322.8
1209.0,28.96,22.58,1012.29,322.3
1210.0,29.13,22.5,1012.31,320.8
1211.0,29.11,21.96,1012.36,320.9
1212.0,29.16,21.6,1012.34,325.5
1213.0,28.9,23.35,1012.19,326.2
1214.0,28.83,23.65,1012.42,328.5
1215.0,29.08,21.54,1012.47,321.2
1216.0,28.85,23.67,1012.38,321.8
1217.0,28.83,22.72,1012.44,317.8
1218.0,29.0,22.23,1012.28,322.1
1219.0,28.66,24.59,1012.28,320.1
1220.0,28.96,23.1,1012.41,322.5
1221.0,28.64,23.33,1012.36,321.7
1222.0,28.93,23.01,1012.58,327.0
1223.0,28.73,23.5,1012.31,323.1
1224.0,28.75,23.88,1012.38,324.1
1225.0,28.79,23.19,1012.42,322.1
1226.0,28.93,23.1,1012.49,325.3
1227.0,28.83,22.6,1012.41,321.8
1228.0,28.66,23.85,1012.27,325.8
1229.0,28.72,23.48,1012.35,326.1
1230.0,28.6,24.14,1012.13,327.4
1231.0,28.52,24.26,1012.51,326.3
1232.0,28.66,23.93,1012.64,326.2
1233.0,28.54,24.33,1012.2,322.7
1234.0,28.55,24.46,1012.36,327.1
1235.0,28.5,24.48,1012.54,321.4
1236.0,28.46,24.86,1012.28,328.0
1237.0,28.69,24.66,1012.41,323.7
1238.0,28.52,24.73,1012.4,327.2
1239.0,28.57,24.62,1012.31,325.1
1240.0,28.44,25.6,1012.45,318.9
1241.0,28.51,24.99,1012.43,321.4
1242.0,28.47,25.07,1012.22,326.5
1243.0,28.41,25.06,1012.49,320.4
1244.0,28.31,25.9,1012.09,327.3
1245.0,28.44,25.47,1012.19,324.3
1246.0,28.41,24.96,1012.64,324.2
1247.0,28.43,24.93,1012.59,325.5
1248.0,28.45,25.61,1012.38,324.0
1249.0,28.14,26.66,1012.5,328.1
1250.0,28.34,25.51,1012.79,322.8
1251.0,28.38,25.7,1012.63,315.8
1252.0,28.19,26.5,1012.44,324.6
1253.0,28.2,26.03,1012.29,324.3
1254.0,28.16,26.6,1012.55,323.2
1255.0,28.06,26.85,1012.42,325.3
1256.0,28.14,26.4,1012.45,328.3
1257.0,28.37,25.02,1012.33,320.6
1258.0,28.35,24.77,1012.38,327.3
1259.0,28.12,26.51,1012.27,323.2
1260.0,28.05,27.54,1012.31,324.9
1261.0,28.32,25.54,1012.22,324.8
1262.0,28.1,26.21,1012.09,322.2
1263.0,28.15,26.16,1012.25,322.3
1264.0,28.14,25.71,1012.28,321.7
1265.0,27.84,27.88,1012.42,323.7
1266.0,28.1,26.07,1012.39,329.1
1267.0,27.99,27.26,1012.35,320.7
1268.0,28.06,26.72,1012.44,326.2
1269.0,28.01,26.31,1012.23,321.7
1270.0,27.98,26.87,1012.12,323.2
1271.0,27.77,27.54,1012.36,323.9
1272.0,28.15,25.82,1012.61,324.1
1273.0,28.02,26.34,1012.18,329.1
1274.0,27.79,27.73,1012.32,322.0
1275.0,27.87,27.8,1012.36,321.8
1276.0,27.65,28.61,1012.24,322.0
1277.0,27.91,27.03,1012.35,321.3
1278.0,27.95,27.44,1012.74,324.9
1279.0,27.85,27.78,1012.25,324.6
1280.0,27.85,27.43,1012.41,329.8
1281.0,27.6,28.38,1012.38,321.9
1282.0,27.52,28.74,1012.53,323.8
1283.0,27.76,27.53,1012.49,323.1
1284.0,27.69,27.81,1012.36,320.7
1285.0,27.59,29.03,1012.43,320.1
1286.0,27.68,28.21,1012.1,323.1
1287.0,27.69,28.54,1012.71,319.0
1288.0,27.65,29.35,1012.33,323.9
1289.0,27.68,28.31,1012.21,325.4
1290.0,27.66,28.23,1012.42,322.2
1291.0,27.5,29.52,1012.17,326.1
1292.0,27.65,28.7,1012.34,321.1
1293.0,27.44,29.12,1012.44,321.1
1294.0,27.64,28.87,1012.31,325.6
1295.0,27.61,29.06,1012.14,321.3
1296.0,27.47,29.26,1012.54,327.7
1297.0,27.5,29.17,1012.48,323.7
1298.0,27.7,28.23,1012.5,325.4
1299.0,27.63,28.61,1012.48,327.2
1300.0,27.5,28.81,1012.56,323.6
1301.0,27.31,30.37,1012.34,323.1
1302.0,27.32,29.99,1012.6,327.2
1303.0,27.37,29.72,1012.47,326.5
1304.0,27.24,30.37,1012.54,323.4
1305.0,27.41,29.84,1012.4,332.9
1306.0,27.37,29.18,1012.22,321.6
1307.0,27.26,30.1,1012.33,324.7
1308.0,27.23,30.88,1012.63,323.1
1309.0,27.28,30.5,1012.32,321.6
1310.0,27.29,30.37,1012.25,322.3
1311.0,27.35,30.19,1012.39,320.1
1312.0,27.14,30.86,1012.34,323.0
1313.0,27.1,31.24,1012.54,322.2
1314.0,27.31,30.23,1012.31,323.8
1315.0,27.13,30.63,1012.55,325.8
1316.0,27.23,30.39,1012.37,324.7
1317.0,27.42,28.95,1012.5,324.2
1318.0,27.14,31.33,1012.34,323.3
1319.0,27.26,30.17,1012.3,327.9
1320.0,27.16,30.86,1012.19,321.6
1321.0,27.2,30.79,1012.26,322.7
1322.0,27.28,29.8,1012.34,328.7
1323.0,26.96,31.15,1012.45,323.1
1324.0,26.92,31.6,1012.48,324.2
1325.0,27.14,30.86,1012.18,323.0
1326.0,27.01,31.44,1012.28,321.1
1327.0,26.89,31.51,1012.43,322.4
1328.0,26.93,31.51,1012.48,329.0
1329.0,26.89,32.16,1012.46,327.5
1330.0,26.7,33.08,1012.4,321.0
1331.0,26.77,33.08,1012.27,321.6
1332.0,26.96,31.83,1012.37,323.6
1333.0,26.99,31.5,1012.46,325.3
1334.0,26.6,34.01,1012.39,321.8
1335.0,26.79,31.52,1012.23,324.2
1336.0,26.91,32.16,1012.33,320.4
1337.0,26.81,32.13,1012.6,323.2
1338.0,26.92,31.61,1012.35,321.9
1339.0,26.83,32.15,1012.49,325.8
1340.0,26.83,32.66,1012.37,325.0
1341.0,26.63,32.98,1012.53,321.4
1342.0,26.59,32.75,1012.53,325.4
1343.0,26.72,32.92,1012.24,322.9
1344.0,26.59,33.92,1012.19,323.3
1345.0,26.51,33.73,1012.49,326.0
1346.0,26.53,33.14,1012.18,328.1
1347.0,26.74,32.05,1012.27,320.2
1348.0,26.63,33.35,1012.39,320.2
1349.0,26.6,33.54,1012.71,323.2
1350.0,26.62,33.5,1012.17,329.5
1351.0,26.68,32.4,1012.62,323.0
1352.0,26.62,33.6,1012.56,325.8
1353.0,26.62,32.98,1012.5,323.1
1354.0,26.34,34.47,1012.49,320.8
1355.0,26.37,34.04,1012.54,322.9
1356.0,26.33,34.53,1012.42,327.4
1357.0,26.47,33.75,1012.42,325.2
1358.0,26.38,34.75,1012.43,327.8
1359.0,26.38,34.26,1012.24,321.0
1360.0,26.33,34.76,1012.33,324.5
1361.0,26.35,34.51,1012.32,325.4
1362.0,26.44,34.02,1012.58,320.3
1363.0,26.48,33.56,1012.22,321.4
1364.0,26.41,33.06,1012.27,329.2
1365.0,26.18,35.93,1012.31,320.8
1366.0,26.38,33.83,1012.3,328.3
1367.0,26.3,34.48,1012.43,323.0
1368.0,26.01,36.08,1012.44,329.0
1369.0,26.31,35.18,1012.39,324.4
1370.0,26.3,35.53,1012.38,324.3
1371.0,26.37,34.05,1012.34,321.7
1372.0,26.16,35.57,1012.47,323.9
1373.0,26.34,34.67,1012.49,323.5
1374.0,26.07,34.77,1012.3,319.7
1375.0,26.11,35.79,1012.4,323.0
1376.0,26.21,34.39,1012.27,322.9
1377.0,26.18,36.19,1012.5,325.1
1378.0,26.21,35.33,1012.43,320.0
1379.0,26.01,35.47,1012.37,323.0
1380.0,25.96,36.31,1012.27,321.9
1381.0,25.98,36.38,1012.27,325.3
1382.0,26.17,35.37,1012.39,327.3
1383.0,26.13,35.08,1012.37,321.1
1384.0,26.07,35.9,1012.61,320.8
1385.0,25.92,36.29,1012.62,322.8
1386.0,25.88,37.18,1012.4,324.7
1387.0,25.87,37.03,1012.53,323.3
1388.0,25.89,36.55,1012.4,327.6
1389.0,25.91,36.67,1012.32,326.0
1390.0,25.84,36.99,1012.48,319.6
1391.0,25.81,36.9,1012.29,326.3
1392.0,25.85,37.21,1012.54,319.8
1393.0,25.84,37.43,1012.61,322.6
1394.0,25.78,36.83,1012.59,319.0
1395.0,25.67,37.45,1012.31,323.7
1396.0,25.95,36.15,1012.31,329.0
1397.0,25.74,36.9,1012.12,320.4
1398.0,25.89,37.58,1012.24,328.3
1399.0,25.58,38.06,1012.66,325.1
1400.0,25.76,36.84,1012.4,320.5
1401.0,25.61,38.4,1012.4,319.3
1402.0,25.78,36.54,1012.31,324.3
1403.0,25.52,37.59,1012.63,321.4
1404.0,25.64,37.36,1012.18,323.6
1405.0,25.71,37.29,1012.24,319.3
1406.0,25.68,37.1,1012.45,319.9
1407.0,25.63,37.81,1012.34,324.1
1408.0,25.59,38.25,1012.5,326.5
1409.0,25.52,38.25,1012.58,333.0
1410.0,25.61,37.77,1012.1,322.7
1411.0,25.57,37.58,1011.99,323.1
1412.0,25.58,37.71,1012.28,321.3
1413.0,25.62,37.99,1012.49,318.9
1414.0,25.61,37.83,1012.2,329.3
1415.0,25.47,38.2,1012.44,321.5
1416.0,25.46,38.26,1012.22,322.7
1417.0,25.45,38.1,1012.35,323.0
1418.0,25.36,38.51,1012.5,319.8
1419.0,25.37,39.16,1012.25,320.6
1420.0,25.5,37.84,1012.32,318.2
1421.0,25.51,39.3,1012.32,322.9
1422.0,25.36,38.64,1012.56,324.5
1423.0,25.34,39.03,1012.26,327.1
1424.0,25.45,38.07,1012.48,324.5
1425.0,25.29,39.13,1012.32,321.9
1426.0,25.4,38.34,1012.52,325.5
1427.0,25.21,39.67,1012.26,320.2
1428.0,25.21,39.67,1012.67,318.6
1429.0,25.05,39.91,1012.46,324.0
1430.0,25.27,38.91,1012.42,320.8
1431.0,25.0,40.92,1012.56,323.0
1432.0,25.13,40.41,1012.35,328.3
1433.0,25.22,38.66,1012.61,321.3
1434.0,25.18,39.7,1012.14,319.4
1435.0,25.05,39.89,1012.56,324.3
1436.0,25.06,40.97,1012.38,324.2
1437.0,25.23,39.75,1012.54,321.1
1438.0,25.0,40.11,1012.42,327.8
1439.0,25.1,40.06,1012.28,322.7
1440.0,24.93,40.99,1012.19,325.0
1441.0,25.09,40.13,1012.18,321.4
1442.0,25.02,40.26,1012.33,320.1
1443.0,25.1,40.01,1012.59,328.0
1444.0,24.93,40.56,1012.57,325.2
1445.0,24.95,40.74,1012.16,328.5
1446.0,25.0,40.45,1012.54,322.5
1447.0,24.93,40.32,1012.3,323.7
1448.0,24.97,39.93,1012.2,316.5
1449.0,24.84,40.17,1012.01,324.3
1450.0,24.76,41.56,1012.56,321.7
1451.0,24.88,41.81,1012.55,324.1
1452.0,24.81,41.74,1012.33,319.7
1453.0,24.67,42.15,1012.59,327.0
1454.0,24.85,40.54,1012.44,322.6
1455.0,24.71,41.54,1012.56,324.7
1456.0,24.78,42.23,1012.48,321.8
1457.0,24.73,41.8,1012.31,323.3
1458.0,24.73,42.08,1012.34,322.5
1459.0,24.7,41.61,1012.25,319.9
1460.0,24.74,42.29,1012.49,325.5
1461.0,24.58,42.28,1012.67,322.5
1462.0,24.78,41.98,1012.32,322.8
1463.0,24.66,42.35,1012.63,319.7
1464.0,24.49,42.8,1012.34,323.9
1465.0,24.68,41.69,1012.5,325.2
1466.0,24.52,42.94,1012.66,323.8
1467.0,24.6,42.48,1012.11,320.6
1468.0,24.55,42.66,1012.57,329.2
1469.0,24.58,41.96,1012.49,330.8
1470.0,24.74,40.87,1012.42,326.1
1471.0,24.43,42.45,1012.45,322.0
1472.0,24.46,42.92,1012.43,327.4
1473.0,24.47,43.62,1012.55,324.8
1474.0,24.35,44.02,1012.27,326.2
1475.0,24.48,42.56,1012.54,330.3
1476.0,24.55,42.84,1012.69,324.9
1477.0,24.26,43.56,1012.46,320.8
1478.0,24.25,44.19,1012.43,323.2
1479.0,24.36,43.12,1012.31,322.4
1480.0,24.45,42.62,1012.43,318.9
1481.0,24.13,44.86,1012.19,324.3
1482.0,24.26,44.35,1012.4,324.2
1483.0,24.26,43.35,1012.59,324.9
1484.0,24.29,43.55,1012.57,320.1
1485.0,24.31,43.77,1012.36,323.6
1486.0,24.27,44.3,1012.43,326.3
1487.0,24.26,43.21,1012.6,326.7
1488.0,24.01,45.32,1012.44,323.9
1489.0,24.15,44.53,1012.48,323.7
1490.0,24.21,44.36,1012.13,324.0
1491.0,24.38,43.79,1012.26,323.0
1492.0,24.13,44.87,1012.43,323.2
1493.0,24.11,44.65,1012.24,323.3
1494.0,24.11,45.07,1012.39,321.9
1495.0,24.06,44.97,1012.27,323.6
1496.0,24.06,44.08,1012.5,324.3
1497.0,24.13,43.76,1012.32,325.1
1498.0,23.96,45.02,1012.55,320.5
1499.0,24.05,44.69,1012.43,321.9
1500.0,23.97,45.12,1012.45,322.3
1501.0,24.08,44.44,1012.35,316.5
1502.0,24.21,44.83,1012.39,323.8
1503.0,23.97,45.13,1012.58,327.6
1504.0,24.04,44.93,1012.33,321.5
1505.0,24.03,44.76,1012.39,324.1
1506.0,24.04,44.62,1012.17,319.8
1507.0,23.97,45.35,1012.4,323.5
1508.0,23.85,45.6,1012.41,321.2
1509.0,24.02,44.19,1012.34,322.8
1510.0,23.93,45.45,1012.42,323.5
1511.0,24.07,44.66,1012.04,323.5
1512.0,24.05,44.79,1012.25,329.1
1513.0,24.13,44.61,1012.21,321.2
1514.0,23.96,45.48,1012.4,326.4
1515.0,24.0,45.48,1012.38,328.0
1516.0,24.1,44.54,1012.52,324.0
1517.0,23.91,45.63,1012.37,322.4
1518.0,24.09,44.17,1012.13,320.6
1519.0,24.01,44.55,1012.19,324.8
1520.0,24.06,44.42,1012.39,321.4
1521.0,24.06,44.73,1012.22,322.6
1522.0,24.06,44.81,1012.33,328.4
1523.0,23.98,45.5,1012.38,323.5
1524.0,24.0,45.02,1012.52,321.1
1525.0,24.14,44.25,1012.36,322.6
1526.0,23.91,44.86,1012.49,325.3
1527.0,24.02,44.88,1012.4,327.3
1528.0,24.08,43.98,1012.68,327.3
1529.0,24.11,44.35,1012.48,319.9
1530.0,24.03,45.27,1012.35,326.3
1531.0,24.05,45.22,1012.49,316.5
1532.0,24.02,44.8,1012.26,318.4
1533.0,23.96,45.57,1012.46,322.8
1534.0,23.9,44.69,1012.25,326.0
1535.0,23.88,46.04,1012.42,323.6
1536.0,24.04,44.59,1012.18,320.8
1537.0,23.9,45.16,1012.46,323.0
1538.0,24.09,45.46,1012.28,328.5
1539.0,24.01,44.63,1012.76,320.0
1540.0,23.96,45.13,1012.56,325.7
1541.0,24.02,45.08,1012.28,320.1
1542.0,24.06,45.56,1012.38,325.9
1543.0,23.91,46.42,1012.3,325.1
1544.0,24.05,45.01,1012.41,326.1
1545.0,24.13,44.11,1012.33,326.0
1546.0,24.02,44.89,1012.31,320.5
1547.0,24.1,44.28,1012.29,322.5
1548.0,23.95,44.79,1012.65,325.4
1549.0,24.11,44.22,1012.35,323.2
1550.0,24.07,45.07,1012.47,320.6
1551.0,24.16,44.65,1012.53,324.3
1552.0,24.0,44.62,1012.16,330.8
1553.0,24.02,44.61,1012.55,328.1
1554.0,23.98,44.64,1012.52,328.2
1555.0,24.05,44.43,1012.47,319.0
1556.0,24.05,44.86,1012.29,321.4
1557.0,24.14,44.73,1012.43,320.1
1558.0,24.01,45.1,1012.27,319.8
1559.0,24.03,44.78,1012.26,323.0
1560.0,23.96,45.14,1012.44,321.8
1561.0,23.9,46.19,1012.4,328.1
1562.0,24.03,44.73,1012.42,326.1
1563.0,24.11,44.06,1012.29,321.2
1564.0,23.9,45.52,1012.5,327.7
1565.0,23.95,45.07,1012.31,324.6
1566.0,24.12,44.33,1012.41,326.7
1567.0,23.87,45.02,1012.47,322.6
1568.0,23.95,45.23,1012.49,324.7
1569.0,23.88,45.88,1012.67,328.1
1570.0,23.99,44.94,1012.49,329.9
1571.0,24.12,44.97,1012.56,326.8
1572.0,24.1,44.76,1012.35,327.7
1573.0,24.07,44.02,1012.28,318.5
1574.0,24.1,44.84,1012.38,318.4
1575.0,24.04,44.42,1012.68,325.0
1576.0,23.97,45.7,1012.43,326.3
1577.0,24.01,45.57,1012.22,329.8
1578.0,23.97,45.07,1012.52,318.6
1579.0,24.05,44.59,1012.57,322.9
1580.0,24.08,45.04,1012.43,319.5
1581.0,24.1,44.57,1012.56,326.2
1582.0,23.99,45.37,1012.57,328.0
1583.0,23.98,45.3,1012.42,321.7
1584.0,23.99,44.59,1012.61,325.0
1585.0,23.97,45.49,1012.43,329.6
1586.0,24.06,44.76,1012.48,327.0
1587.0,23.97,44.6,1012.32,324.3
1588.0,24.12,44.55,1012.5,330.2
1589.0,24.07,45.34,1012.26,320.6
1590.0,24.14,44.51,1012.29,325.4
1591.0,24.15,44.58,1012.11,323.7
1592.0,24.06,44.41,1012.41,321.5
1593.0,23.92,44.8,1012.39,322.0
1594.0,24.0,45.28,1012.2,322.2
1595.0,24.04,44.74,1012.38,318.3
1596.0,23.98,44.94,1012.37,322.2
1597.0,23.94,45.32,1012.63,319.3
1598.0,23.88,45.06,1012.43,323.2
1599.0,23.96,45.16,1012.6,321.5
1600.0,23.99,45.57,1012.35,319.2
1601.0,24.12,44.77,1012.62,322.6
1602.0,23.98,44.42,1012.29,324.5
1603.0,24.02,45.02,1012.18,324.4
1604.0,24.01,45.49,1012.53,322.8
1605.0,24.08,44.5,1012.44,322.8
1606.0,24.02,44.48,1012.28,327.5
1607.0,24.11,44.55,1012.26,325.5
1608.0,23.93,45.7,1012.19,326.1
1609.0,23.91,44.3,1012.4,326.5
1610.0,23.92,45.53,1012.17,324.5
1611.0,24.08,44.85,1012.23,326.0
1612.0,24.06,44.46,1012.38,325.5
1613.0,24.07,44.97,1012.39,325.6
1614.0,24.03,45.07,1012.37,329.8
1615.0,24.01,44.09,1012.44,321.2
1616.0,24.0,44.86,1012.33,325.9
1617.0,24.16,44.85,1012.29,323.1
1618.0,23.94,44.98,1012.52,322.4
1619.0,23.92,45.54,1012.48,330.4
1620.0,23.85,45.71,1012.51,320.2
1621.0,23.94,44.84,1012.29,326.5
1622.0,23.95,45.92,1012.42,321.3
1623.0,24.11,45.18,1012.43,327.9
1624.0,23.96,45.04,1012.44,322.2
1625.0,23.94,44.43,1012.17,321.1
1626.0,23.94,45.35,1012.14,323.9
1627.0,23.88,45.79,1012.19,321.9
1628.0,24.1,45.19,1012.31,321.1
1629.0,24.14,44.35,1012.42,323.9
1630.0,23.98,45.18,1012.6,321.3
1631.0,24.0,44.83,1012.51,319.5
1632.0,23.99,44.67,1012.5,321.0
1633.0,23.97,45.25,1012.72,331.5
1634.0,23.96,43.35,1012.52,319.6
1635.0,24.07,44.45,1012.26,328.5
1636.0,24.1,44.99,1012.42,319.9
1637.0,24.01,45.15,1012.61,321.6
1638.0,23.99,45.7,1012.55,324.5
1639.0,23.92,44.42,1012.48,331.0
1640.0,24.07,44.63,1012.44,321.6
1641.0,24.01,45.09,1012.41,326.0
1642.0,23.97,45.05,1012.37,319.5
1643.0,23.95,45.68,1012.28,321.1
1644.0,23.91,45.98,1012.47,326.0
1645.0,23.94,45.36,1012.56,323.2
1646.0,23.9,45.71,1012.59,324.3
1647.0,23.92,45.54,1012.56,324.9
1648.0,24.05,44.98,1012.24,323.9
1649.0,24.08,44.51,1012.3,326.3
1650.0,24.1,44.73,1012.24,324.0
1651.0,23.89,45.74,1012.43,327.1
1652.0,24.07,45.38,1012.4,325.8
1653.0,24.07,44.93,1012.69,324.9
1654.0,24.0,44.91,1012.22,323.2
1655.0,24.03,44.43,1012.26,316.4
1656.0,23.91,45.08,1012.34,326.7
1657.0,23.95,45.8,1012.58,316.3
1658.0,23.96,45.54,1012.37,322.8
1659.0,24.0,45.06,1012.44,324.3
1660.0,24.11,45.05,1012.5,320.1
1661.0,23.97,45.64,1012.53,323.0
1662.0,24.08,44.98,1012.28,327.5
1663.0,24.01,45.41,1012.44,324.2
1664.0,24.08,44.39,1012.41,322.8
1665.0,24.03,44.83,1012.35,321.4
1666.0,24.07,44.54,1012.51,323.3
1667.0,23.92,45.27,1012.37,327.5
1668.0,24.03,45.32,1012.32,327.8
1669.0,23.99,45.27,1012.16,324.3
1670.0,24.1,44.86,1012.48,320.8
1671.0,24.08,44.76,1012.44,324.7
1672.0,23.9,44.78,1012.26,325.2
1673.0,23.84,45.93,1012.57,324.0
1674.0,24.03,44.94,1012.63,326.6
1675.0,24.06,45.07,1012.24,324.0
1676.0,23.88,45.76,1012.4,319.3
1677.0,24.02,45.43,1012.7,324.9
1678.0,23.95,44.7,1012.49,319.5
1679.0,23.96,45.06,1012.54,323.1
1680.0,23.97,44.79,1012.56,322.0
1681.0,23.94,45.2,1012.34,322.6
1682.0,24.03,44.62,1012.51,321.1
1683.0,23.88,45.56,1012.45,323.4
1684.0,23.96,45.01,1012.31,323.1
1685.0,23.97,45.3,1012.44,321.2
1686.0,23.87,45.01,1012.5,323.9
1687.0,24.01,45.04,1012.65,322.9
1688.0,23.99,44.46,1012.66,327.9
1689.0,23.92,45.77,1012.22,325.9
1690.0,23.99,44.98,1012.49,324.7
1691.0,23.96,44.52,1012.38,324.5
1692.0,23.93,44.7,1012.45,322.7
1693.0,24.05,44.86,1012.54,323.6
1694.0,24.0,45.41,1012.42,325.9
1695.0,24.03,44.93,1012.2,321.7
1696.0,24.11,44.28,1012.39,320.9
1697.0,23.89,45.96,1012.44,322.5
1698.0,23.93,45.13,1012.34,323.0
1699.0,24.03,44.6,1012.4,324.5
1700.0,23.92,46.36,1012.32,325.2
1701.0,23.94,44.72,1012.5,323.8
1702.0,23.91,45.38,1012.57,321.7
1703.0,24.03,44.81,1012.49,325.0
1704.0,24.06,45.53,1012.35,323.7
1705.0,24.0,44.37,1012.61,319.9
1706.0,24.05,44.82,1012.55,324.1
1707.0,24.02,45.22,1012.53,327.9
1708.0,24.01,45.15,1012.4,329.7
1709.0,23.94,44.15,1012.64,328.1
1710.0,24.1,44.32,1012.41,328.3
1711.0,23.91,45.66,1012.61,325.1
1712.0,23.94,44.89,1012.57,323.4
1713.0,23.98,45.07,1012.26,320.5
1714.0,24.01,44.66,1012.22,321.1
1715.0,23.96,45.91,1012.28,327.9
1716.0,24.0,44.88,1012.65,319.2
1717.0,23.91,45.79,1012.24,330.9
1718.0,24.03,45.44,1012.26,321.5
1719.0,23.95,44.77,1012.44,321.8
1720.0,24.13,45.18,1012.33,328.8
1721.0,23.86,44.73,1012.3,323.4
1722.0,23.81,45.12,1012.42,325.4
1723.0,23.94,46.17,1012.36,321.5
1724.0,23.99,45.71,1012.16,327.9
1725.0,24.12,43.81,1012.49,318.4
1726.0,24.11,45.9,1012.39,327.3
1727.0,24.1,44.4,1012.07,323.0
1728.0,24.01,44.95,1012.52,323.1
1729.0,23.93,45.5,1012.34,324.3
1730.0,24.05,44.69,1012.38,324.7
1731.0,23.84,45.72,1012.31,324.3
1732.0,23.98,45.74,1012.29,322.0
1733.0,24.1,43.78,1012.45,327.5
1734.0,24.04,44.05,1012.77,324.6
1735.0,23.96,45.08,1012.52,320.3
1736.0,24.08,44.2,1012.69,326.0
1737.0,23.91,46.26,1012.34,324.4
1738.0,24.1,44.5,1012.46,320.1
1739.0,24.16,44.86,1012.56,325.3
1740.0,24.07,45.23,1012.14,321.1
1741.0,23.99,44.31,1012.25,326.1
1742.0,23.97,45.76,1012.35,322.8
1743.0,23.97,44.84,1012.41,323.8
1744.0,24.01,45.41,1012.11,328.8
1745.0,24.06,44.85,1012.29,321.8
1746.0,23.9,45.32,1012.54,318.8
1747.0,24.12,45.15,1012.64,325.9
1748.0,23.95,45.09,1012.55,328.4
1749.0,23.96,45.03,1012.53,326.0
1750.0,23.89,45.51,1012.4,326.9
1751.0,23.99,45.1,1012.37,322.6
1752.0,23.73,45.98,1012.27,323.8
1753.0,23.91,45.61,1012.29,327.7
1754.0,23.95,44.92,1012.41,320.3
1755.0,23.93,45.07,1012.47,323.0
1756.0,23.95,44.86,1012.27,325.0
1757.0,24.0,44.36,1012.76,321.0
1758.0,24.1,44.51,1012.31,320.0
1759.0,24.01,44.84,1012.54,324.1
1760.0,23.98,45.16,1012.38,319.7
1761.0,23.94,44.71,1012.45,324.0
1762.0,23.93,45.02,1012.42,328.7
1763.0,23.99,44.63,1012.75,324.9
1764.0,24.02,45.0,1012.45,318.0
1765.0,24.02,44.65,1012.25,328.2
1766.0,23.97,45.35,1012.39,323.1
1767.0,24.0,45.02,1012.18,324.9
1768.0,24.0,44.69,1012.41,317.6
1769.0,24.01,44.47,1012.4,331.0
1770.0,23.92,45.17,1012.32,324.9
1771.0,23.81,45.04,1012.42,321.6
1772.0,24.05,44.98,1012.33,326.4
1773.0,23.84,45.71,1012.24,328.0
1774.0,23.95,45.14,1012.48,328.5
1775.0,23.99,45.36,1012.21,317.3
1776.0,23.93,45.91,1012.39,325.7
1777.0,23.98,44.96,1012.37,327.4
1778.0,24.03,44.88,1012.53,320.8
1779.0,24.02,44.54,1012.36,323.0
1780.0,24.0,45.88,1012.29,328.6
1781.0,24.18,44.53,1012.22,319.9
1782.0,23.89,45.61,1012.56,321.5
1783.0,23.97,45.36,1012.46,324.6
1784.0,24.09,43.3,1012.47,324.8
1785.0,24.08,44.28,1012.13,320.4
1786.0,24.07,44.69,1012.46,321.6
1787.0,24.09,44.77,1012.57,320.5
1788.0,23.92,46.13,1012.4,323.0
1789.0,24.03,44.75,1012.37,325.8
1790.0,24.05,44.67,1012.47,320.2
1791.0,23.97,45.29,1012.44,327.0
1792.0,23.98,45.56,1012.4,326.1
1793.0,24.03,44.57,1012.61,323.0
1794.0,24.02,44.96,1012.06,324.7
1795.0,24.09,44.81,1012.16,326.6
1796.0,23.97,45.71,1012.3,323.3
1797.0,24.0,45.57,1012.34,327.7
1798.0,24.02,44.91,1012.64,324.7
1799.0,24.07,44.55,1012.43,323.6
